Distributor_ID,n_outlets,total_spend_LKR,median_spend_LKR,n_funded,response_score,pct_of_budget
DIST_W_01,3016,1747045.88,180.39999999999998,2955,14817255.053399188,34.94
DIST_W_02,2983,1555631.14,171.97,2926,12946773.320802834,31.11
DIST_W_03,2990,1697262.24,177.445,2923,14058010.190847564,33.95
