Distributor_ID,n_outlets,total_spend_LKR,median_spend_LKR,n_funded,response_score,pct_of_budget
DIST_W_01,2889,1778646.66,206.6,2833,14729706.548125831,35.57
DIST_W_02,2845,1550252.71,192.61,2790,12597322.13021766,31.01
DIST_W_03,2854,1671013.5,199.8,2793,13485042.384734794,33.42
