Distributor_ID,n_outlets,total_spend_LKR,median_spend_LKR,n_funded,response_score,pct_of_budget
DIST_W_01,3016,1746685.44,180.995,2955,14788403.649030033,34.93
DIST_W_02,2983,1556250.22,172.28,2926,12930846.13657369,31.13
DIST_W_03,2990,1697020.24,177.41500000000002,2922,14032551.475410515,33.94
