bucket,outlet_count,overall_share_above_25pct
<10%,1450,0.7077795951748109
10-25%,4267,0.7077795951748109
25-50%,8712,0.7077795951748109
50-75%,5124,0.7077795951748109
75-100%,11,0.7077795951748109
