constrained_share_threshold,n_outlets_suppressed,pct_suppressed
0.25,13811,71.04789341015484
0.3,12956,66.64951900817944
0.4,10212,52.53356654148876
0.5,8362,43.016616081074126
