bucket,outlet_count,overall_share_above_25pct
<10%,1421,0.7104789341015484
10-25%,4207,0.7104789341015484
25-50%,5449,0.7104789341015484
50-75%,7492,0.7104789341015484
75-100%,870,0.7104789341015484
