bucket,outlet_count,overall_share_above_25pct
<10%,1453,0.7083080348107671
10-25%,4312,0.7083080348107671
25-50%,5538,0.7083080348107671
50-75%,7579,0.7083080348107671
75-100%,882,0.7083080348107671
