constrained_share_threshold,n_outlets_suppressed,pct_suppressed
0.25,13999,70.83080348107671
0.3,13120,66.3833232139243
0.4,10301,52.12001619105444
0.5,8461,42.81015988666262
