constrained_share_threshold,n_outlets_suppressed,pct_suppressed
0.25,14191,71.09719438877755
0.3,13312,66.69338677354709
0.4,10485,52.530060120240485
0.5,8586,43.016032064128254
