bucket,outlet_count,overall_share_above_25pct
<10%,1453,0.7109719438877755
10-25%,4316,0.7109719438877755
25-50%,5605,0.7109719438877755
50-75%,7694,0.7109719438877755
75-100%,892,0.7109719438877755
