cv_auc_mean,cv_auc_std,in_sample_auc,brier_score,n_outlets,n_positive_historical,feature_count
0.8785933811823876,0.0042039130725377944,0.9320192992711274,0.1229589581489563,19439,2707,54
