cv_auc_mean,cv_auc_std,in_sample_auc,brier_score,n_outlets,n_positive_historical,feature_count
0.87901500848405,0.006216806228482579,0.9304430602295128,0.12460779974706318,19960,2783,54
