rho_peer_vs_loglinear,rho_peer_vs_phase3_formula,rho_peer_vs_tobit,rho_loglinear_vs_tobit,rho_peer_vs_sfa,threshold
0.863745237122691,0.8375983503277892,0.8375198954392948,0.9233933068765896,0.8534322327189069,0.75
