rho_peer_vs_loglinear,rho_peer_vs_tobit,rho_loglinear_vs_tobit,threshold
0.8636493789803376,0.8373618766156068,0.9231145433954387,0.75
