rho_peer_vs_loglinear,rho_peer_vs_phase3_formula,rho_peer_vs_tobit,rho_loglinear_vs_tobit,rho_peer_vs_sfa,threshold
0.8664027473557313,0.8394571301451428,0.8384226554581196,0.9233196376241667,0.8537533680855955,0.75
