rho_peer_vs_loglinear,rho_peer_vs_phase3_formula,rho_peer_vs_tobit,rho_loglinear_vs_tobit,rho_peer_vs_sfa,threshold
0.8631760239461845,0.8392395201947643,0.837191312019411,0.9230214677932562,0.851982952046448,0.75
