rho_peer_vs_loglinear,rho_peer_vs_tobit,rho_loglinear_vs_tobit,threshold
0.8624224791905164,0.8284630089118156,0.924755221676167,0.75
