rho_peer_vs_loglinear,rho_peer_vs_tobit,rho_loglinear_vs_tobit,rho_peer_vs_sfa,threshold
0.8674692503631334,0.8286379253196099,0.924755221676167,0.8410501162041276,0.75
