spearman_rho,p_value,n
0.06265960112135935,1.1748791583596151e-18,19764
