spearman_rho,p_value,n
0.03378378258013182,2.285002921502158e-06,19564
