spearman_rho,p_value,n
0.051753845156987416,5.195204285200494e-13,19439
