spearman_rho,p_value,n
0.03231675974526144,4.956651279721929e-06,19960
