spearman_rho,p_value,n
0.05420431946384333,2.432585353585526e-14,19764
