spearman_rho,p_value,n
0.03530610682905486,6.060319017254259e-07,19960
