spearman_rho,p_value,n
0.054567208302868875,1.6344615558568083e-14,19764
