spearman_rho,p_value,n
0.05870188167173744,1.4668314682137785e-16,19764
