spearman_rho,p_value,n
0.034476571361097406,1.1048058396302365e-06,19960
